task,category_zh,category_en,model,n,correct,accuracy,six_model_mean
Theory,五行,Five Elements,Kimi-K3,104,90,86.53846153846153,81.41025641025641
Theory,五行,Five Elements,GLM-5.3,104,84,80.76923076923077,81.41025641025641
Theory,五行,Five Elements,Qwen3.8-Max,104,89,85.57692307692308,81.41025641025641
Theory,五行,Five Elements,DeepSeek-V4.1-Flash,104,86,82.6923076923077,81.41025641025641
Theory,五行,Five Elements,DeepSeek-V4-Pro-0813,104,88,84.61538461538461,81.41025641025641
Theory,五行,Five Elements,MiniMax-M3,104,71,68.26923076923077,81.41025641025641
Theory,天干地支,Stems and Branches,Kimi-K3,104,83,79.8076923076923,80.12820512820512
Theory,天干地支,Stems and Branches,GLM-5.3,104,91,87.5,80.12820512820512
Theory,天干地支,Stems and Branches,Qwen3.8-Max,104,79,75.96153846153847,80.12820512820512
Theory,天干地支,Stems and Branches,DeepSeek-V4.1-Flash,104,84,80.76923076923077,80.12820512820512
Theory,天干地支,Stems and Branches,DeepSeek-V4-Pro-0813,104,93,89.42307692307692,80.12820512820512
Theory,天干地支,Stems and Branches,MiniMax-M3,104,70,67.3076923076923,80.12820512820512
Theory,十神,Ten Gods,Kimi-K3,104,90,86.53846153846153,85.25641025641026
Theory,十神,Ten Gods,GLM-5.3,104,90,86.53846153846153,85.25641025641026
Theory,十神,Ten Gods,Qwen3.8-Max,104,93,89.42307692307692,85.25641025641026
Theory,十神,Ten Gods,DeepSeek-V4.1-Flash,104,88,84.61538461538461,85.25641025641026
Theory,十神,Ten Gods,DeepSeek-V4-Pro-0813,104,90,86.53846153846153,85.25641025641026
Theory,十神,Ten Gods,MiniMax-M3,104,81,77.88461538461539,85.25641025641026
Theory,十神关系,Ten Gods Relations,Kimi-K3,104,90,86.53846153846153,82.37179487179488
Theory,十神关系,Ten Gods Relations,GLM-5.3,104,85,81.73076923076923,82.37179487179488
Theory,十神关系,Ten Gods Relations,Qwen3.8-Max,104,89,85.57692307692308,82.37179487179488
Theory,十神关系,Ten Gods Relations,DeepSeek-V4.1-Flash,104,91,87.5,82.37179487179488
Theory,十神关系,Ten Gods Relations,DeepSeek-V4-Pro-0813,104,87,83.65384615384616,82.37179487179488
Theory,十神关系,Ten Gods Relations,MiniMax-M3,104,72,69.23076923076923,82.37179487179488
Theory,合冲刑害破,Combination and Clash,Kimi-K3,104,89,85.57692307692308,84.61538461538461
Theory,合冲刑害破,Combination and Clash,GLM-5.3,104,90,86.53846153846153,84.61538461538461
Theory,合冲刑害破,Combination and Clash,Qwen3.8-Max,104,92,88.46153846153847,84.61538461538461
Theory,合冲刑害破,Combination and Clash,DeepSeek-V4.1-Flash,104,86,82.6923076923077,84.61538461538461
Theory,合冲刑害破,Combination and Clash,DeepSeek-V4-Pro-0813,104,88,84.61538461538461,84.61538461538461
Theory,合冲刑害破,Combination and Clash,MiniMax-M3,104,83,79.8076923076923,84.61538461538461
Theory,旺衰强弱,Strength and Weakness,Kimi-K3,104,91,87.5,79.00641025641026
Theory,旺衰强弱,Strength and Weakness,GLM-5.3,104,85,81.73076923076923,79.00641025641026
Theory,旺衰强弱,Strength and Weakness,Qwen3.8-Max,104,84,80.76923076923077,79.00641025641026
Theory,旺衰强弱,Strength and Weakness,DeepSeek-V4.1-Flash,104,79,75.96153846153847,79.00641025641026
Theory,旺衰强弱,Strength and Weakness,DeepSeek-V4-Pro-0813,104,84,80.76923076923077,79.00641025641026
Theory,旺衰强弱,Strength and Weakness,MiniMax-M3,104,70,67.3076923076923,79.00641025641026
Theory,格局基础,Pattern Basics,Kimi-K3,104,89,85.57692307692308,78.0448717948718
Theory,格局基础,Pattern Basics,GLM-5.3,104,82,78.84615384615384,78.0448717948718
Theory,格局基础,Pattern Basics,Qwen3.8-Max,104,87,83.65384615384616,78.0448717948718
Theory,格局基础,Pattern Basics,DeepSeek-V4.1-Flash,104,83,79.8076923076923,78.0448717948718
Theory,格局基础,Pattern Basics,DeepSeek-V4-Pro-0813,104,79,75.96153846153847,78.0448717948718
Theory,格局基础,Pattern Basics,MiniMax-M3,104,67,64.42307692307692,78.0448717948718
Theory,用神忌神,Useful and Adverse Gods,Kimi-K3,104,86,82.6923076923077,81.57051282051282
Theory,用神忌神,Useful and Adverse Gods,GLM-5.3,104,86,82.6923076923077,81.57051282051282
Theory,用神忌神,Useful and Adverse Gods,Qwen3.8-Max,104,89,85.57692307692308,81.57051282051282
Theory,用神忌神,Useful and Adverse Gods,DeepSeek-V4.1-Flash,104,87,83.65384615384616,81.57051282051282
Theory,用神忌神,Useful and Adverse Gods,DeepSeek-V4-Pro-0813,104,84,80.76923076923077,81.57051282051282
Theory,用神忌神,Useful and Adverse Gods,MiniMax-M3,104,77,74.03846153846153,81.57051282051282
Theory,神煞基础,Shensha Basics,Kimi-K3,104,83,79.8076923076923,75.96153846153847
Theory,神煞基础,Shensha Basics,GLM-5.3,104,81,77.88461538461539,75.96153846153847
Theory,神煞基础,Shensha Basics,Qwen3.8-Max,104,79,75.96153846153847,75.96153846153847
Theory,神煞基础,Shensha Basics,DeepSeek-V4.1-Flash,104,80,76.92307692307692,75.96153846153847
Theory,神煞基础,Shensha Basics,DeepSeek-V4-Pro-0813,104,81,77.88461538461539,75.96153846153847
Theory,神煞基础,Shensha Basics,MiniMax-M3,104,70,67.3076923076923,75.96153846153847
Theory,纳音,Nayin,Kimi-K3,104,97,93.26923076923077,88.62179487179488
Theory,纳音,Nayin,GLM-5.3,104,95,91.34615384615384,88.62179487179488
Theory,纳音,Nayin,Qwen3.8-Max,104,94,90.38461538461539,88.62179487179488
Theory,纳音,Nayin,DeepSeek-V4.1-Flash,104,97,93.26923076923077,88.62179487179488
Theory,纳音,Nayin,DeepSeek-V4-Pro-0813,104,97,93.26923076923077,88.62179487179488
Theory,纳音,Nayin,MiniMax-M3,104,73,70.1923076923077,88.62179487179488
Theory,空亡,Kongwang (Void),Kimi-K3,104,88,84.61538461538461,82.37179487179488
Theory,空亡,Kongwang (Void),GLM-5.3,104,90,86.53846153846153,82.37179487179488
Theory,空亡,Kongwang (Void),Qwen3.8-Max,104,86,82.6923076923077,82.37179487179488
Theory,空亡,Kongwang (Void),DeepSeek-V4.1-Flash,104,83,79.8076923076923,82.37179487179488
Theory,空亡,Kongwang (Void),DeepSeek-V4-Pro-0813,104,89,85.57692307692308,82.37179487179488
Theory,空亡,Kongwang (Void),MiniMax-M3,104,78,75.0,82.37179487179488
Theory,十二长生,Twelve Stages,Kimi-K3,104,98,94.23076923076923,89.1025641025641
Theory,十二长生,Twelve Stages,GLM-5.3,104,97,93.26923076923077,89.1025641025641
Theory,十二长生,Twelve Stages,Qwen3.8-Max,104,96,92.3076923076923,89.1025641025641
Theory,十二长生,Twelve Stages,DeepSeek-V4.1-Flash,104,96,92.3076923076923,89.1025641025641
Theory,十二长生,Twelve Stages,DeepSeek-V4-Pro-0813,104,97,93.26923076923077,89.1025641025641
Theory,十二长生,Twelve Stages,MiniMax-M3,104,72,69.23076923076923,89.1025641025641
Theory,流年大运基础,Annual and Luck Cycles,Kimi-K3,102,90,88.23529411764706,85.62091503267975
Theory,流年大运基础,Annual and Luck Cycles,GLM-5.3,102,89,87.25490196078431,85.62091503267975
Theory,流年大运基础,Annual and Luck Cycles,Qwen3.8-Max,102,88,86.27450980392157,85.62091503267975
Theory,流年大运基础,Annual and Luck Cycles,DeepSeek-V4.1-Flash,102,88,86.27450980392157,85.62091503267975
Theory,流年大运基础,Annual and Luck Cycles,DeepSeek-V4-Pro-0813,102,90,88.23529411764706,85.62091503267975
Theory,流年大运基础,Annual and Luck Cycles,MiniMax-M3,102,79,77.45098039215686,85.62091503267975
Theory,六亲,Six Relations,Kimi-K3,104,87,83.65384615384616,80.28846153846153
Theory,六亲,Six Relations,GLM-5.3,104,85,81.73076923076923,80.28846153846153
Theory,六亲,Six Relations,Qwen3.8-Max,104,85,81.73076923076923,80.28846153846153
Theory,六亲,Six Relations,DeepSeek-V4.1-Flash,104,87,83.65384615384616,80.28846153846153
Theory,六亲,Six Relations,DeepSeek-V4-Pro-0813,104,84,80.76923076923077,80.28846153846153
Theory,六亲,Six Relations,MiniMax-M3,104,73,70.1923076923077,80.28846153846153
Case,事业,Career,Kimi-K3,96,40,41.666666666666664,36.979166666666664
Case,事业,Career,GLM-5.3,96,43,44.791666666666664,36.979166666666664
Case,事业,Career,Qwen3.8-Max,96,35,36.458333333333336,36.979166666666664
Case,事业,Career,DeepSeek-V4.1-Flash,96,34,35.416666666666664,36.979166666666664
Case,事业,Career,DeepSeek-V4-Pro-0813,96,34,35.416666666666664,36.979166666666664
Case,事业,Career,MiniMax-M3,96,27,28.125,36.979166666666664
Case,学业,Education,Kimi-K3,96,47,48.958333333333336,49.479166666666664
Case,学业,Education,GLM-5.3,96,48,50.0,49.479166666666664
Case,学业,Education,Qwen3.8-Max,96,59,61.458333333333336,49.479166666666664
Case,学业,Education,DeepSeek-V4.1-Flash,96,46,47.916666666666664,49.479166666666664
Case,学业,Education,DeepSeek-V4-Pro-0813,96,43,44.791666666666664,49.479166666666664
Case,学业,Education,MiniMax-M3,96,42,43.75,49.479166666666664
Case,财富,Wealth,Kimi-K3,96,58,60.416666666666664,55.90277777777778
Case,财富,Wealth,GLM-5.3,96,60,62.5,55.90277777777778
Case,财富,Wealth,Qwen3.8-Max,96,56,58.333333333333336,55.90277777777778
Case,财富,Wealth,DeepSeek-V4.1-Flash,96,50,52.083333333333336,55.90277777777778
Case,财富,Wealth,DeepSeek-V4-Pro-0813,96,48,50.0,55.90277777777778
Case,财富,Wealth,MiniMax-M3,96,50,52.083333333333336,55.90277777777778
Case,感情,Romance,Kimi-K3,96,46,47.916666666666664,42.708333333333336
Case,感情,Romance,GLM-5.3,96,43,44.791666666666664,42.708333333333336
Case,感情,Romance,Qwen3.8-Max,96,44,45.833333333333336,42.708333333333336
Case,感情,Romance,DeepSeek-V4.1-Flash,96,36,37.5,42.708333333333336
Case,感情,Romance,DeepSeek-V4-Pro-0813,96,33,34.375,42.708333333333336
Case,感情,Romance,MiniMax-M3,96,44,45.833333333333336,42.708333333333336
Case,健康,Health,Kimi-K3,96,59,61.458333333333336,54.166666666666664
Case,健康,Health,GLM-5.3,96,55,57.291666666666664,54.166666666666664
Case,健康,Health,Qwen3.8-Max,96,54,56.25,54.166666666666664
Case,健康,Health,DeepSeek-V4.1-Flash,96,52,54.166666666666664,54.166666666666664
Case,健康,Health,DeepSeek-V4-Pro-0813,96,48,50.0,54.166666666666664
Case,健康,Health,MiniMax-M3,96,44,45.833333333333336,54.166666666666664
Case,性格,Personality,Kimi-K3,96,74,77.08333333333333,75.69444444444444
Case,性格,Personality,GLM-5.3,96,78,81.25,75.69444444444444
Case,性格,Personality,Qwen3.8-Max,96,79,82.29166666666667,75.69444444444444
Case,性格,Personality,DeepSeek-V4.1-Flash,96,73,76.04166666666667,75.69444444444444
Case,性格,Personality,DeepSeek-V4-Pro-0813,96,75,78.125,75.69444444444444
Case,性格,Personality,MiniMax-M3,96,57,59.375,75.69444444444444
Case,流年应期,Year Timing,Kimi-K3,96,69,71.875,69.27083333333333
Case,流年应期,Year Timing,GLM-5.3,96,71,73.95833333333333,69.27083333333333
Case,流年应期,Year Timing,Qwen3.8-Max,96,66,68.75,69.27083333333333
Case,流年应期,Year Timing,DeepSeek-V4.1-Flash,96,68,70.83333333333333,69.27083333333333
Case,流年应期,Year Timing,DeepSeek-V4-Pro-0813,96,62,64.58333333333333,69.27083333333333
Case,流年应期,Year Timing,MiniMax-M3,96,63,65.625,69.27083333333333
Case,排盘原局,Chart Construction,Kimi-K3,96,59,61.458333333333336,62.5
Case,排盘原局,Chart Construction,GLM-5.3,96,62,64.58333333333333,62.5
Case,排盘原局,Chart Construction,Qwen3.8-Max,96,63,65.625,62.5
Case,排盘原局,Chart Construction,DeepSeek-V4.1-Flash,96,58,60.416666666666664,62.5
Case,排盘原局,Chart Construction,DeepSeek-V4-Pro-0813,96,64,66.66666666666667,62.5
Case,排盘原局,Chart Construction,MiniMax-M3,96,54,56.25,62.5
Case,排大运,Luck Pillars,Kimi-K3,78,68,87.17948717948718,84.61538461538461
Case,排大运,Luck Pillars,GLM-5.3,78,67,85.8974358974359,84.61538461538461
Case,排大运,Luck Pillars,Qwen3.8-Max,78,70,89.74358974358974,84.61538461538461
Case,排大运,Luck Pillars,DeepSeek-V4.1-Flash,78,63,80.76923076923077,84.61538461538461
Case,排大运,Luck Pillars,DeepSeek-V4-Pro-0813,78,67,85.8974358974359,84.61538461538461
Case,排大运,Luck Pillars,MiniMax-M3,78,61,78.2051282051282,84.61538461538461
Case,灾厄官非,Misfortune and Legal,Kimi-K3,96,73,76.04166666666667,72.91666666666667
Case,灾厄官非,Misfortune and Legal,GLM-5.3,96,77,80.20833333333333,72.91666666666667
Case,灾厄官非,Misfortune and Legal,Qwen3.8-Max,96,72,75.0,72.91666666666667
Case,灾厄官非,Misfortune and Legal,DeepSeek-V4.1-Flash,96,69,71.875,72.91666666666667
Case,灾厄官非,Misfortune and Legal,DeepSeek-V4-Pro-0813,96,64,66.66666666666667,72.91666666666667
Case,灾厄官非,Misfortune and Legal,MiniMax-M3,96,65,67.70833333333333,72.91666666666667
Case,六亲,Family Relations,Kimi-K3,96,39,40.625,38.19444444444444
Case,六亲,Family Relations,GLM-5.3,96,37,38.541666666666664,38.19444444444444
Case,六亲,Family Relations,Qwen3.8-Max,96,37,38.541666666666664,38.19444444444444
Case,六亲,Family Relations,DeepSeek-V4.1-Flash,96,41,42.708333333333336,38.19444444444444
Case,六亲,Family Relations,DeepSeek-V4-Pro-0813,96,34,35.416666666666664,38.19444444444444
Case,六亲,Family Relations,MiniMax-M3,96,32,33.333333333333336,38.19444444444444
