model_a,model_b,acc_a,acc_b,diff,ci_a_lo,ci_a_hi,ci_b_lo,ci_b_hi,ci_overlap,n_paired,both_right,both_wrong,only_a_right,only_b_right,n_discordant,wins_a,losses_a,ties,chi2_mcnemar,p_raw,p_holm,significant
Kimi-K3,GLM-5.3,75.56,75.08,+0.48,73.84,77.21,73.34,76.74,yes,2492,1673,411,210,198,408,210,198,2084,0.30,0.5861,1.0000,no
Kimi-K3,Qwen3.8-Max,75.56,74.84,+0.72,73.84,77.21,73.10,76.50,yes,2492,1670,414,213,195,408,213,195,2084,0.71,0.4000,1.0000,no
Kimi-K3,DeepSeek-V4.1-Flash,75.56,72.43,+3.13,73.84,77.21,70.64,74.15,yes,2492,1623,427,260,182,442,260,182,2050,13.41,0.0002,0.0022,yes
Kimi-K3,DeepSeek-V4-Pro-0813,75.56,72.35,+3.21,73.84,77.21,70.56,74.07,yes,2492,1626,432,257,177,434,257,177,2058,14.38,0.0001,0.0014,yes
Kimi-K3,MiniMax-M3,75.56,63.20,+12.36,73.84,77.21,61.29,65.07,no,2492,1367,401,516,208,724,516,208,1768,130.18,4.56e-31,6.84e-30,yes
GLM-5.3,Qwen3.8-Max,75.08,74.84,+0.24,73.34,76.74,73.10,76.50,yes,2492,1669,425,202,196,398,202,196,2094,0.06,0.8021,1.0000,no
GLM-5.3,DeepSeek-V4.1-Flash,75.08,72.43,+2.65,73.34,76.74,70.64,74.15,yes,2492,1614,430,257,191,448,257,191,2044,9.43,0.0021,0.0147,yes
GLM-5.3,DeepSeek-V4-Pro-0813,75.08,72.35,+2.73,73.34,76.74,70.56,74.07,yes,2492,1630,448,241,173,414,241,173,2078,10.84,0.0010,0.0077,yes
GLM-5.3,MiniMax-M3,75.08,63.20,+11.88,73.34,76.74,61.29,65.07,no,2492,1383,429,488,192,680,488,192,1812,127.98,1.29e-30,1.80e-29,yes
Qwen3.8-Max,DeepSeek-V4.1-Flash,74.84,72.43,+2.41,73.10,76.50,70.64,74.15,yes,2492,1628,450,237,177,414,237,177,2078,8.41,0.0037,0.0220,yes
Qwen3.8-Max,DeepSeek-V4-Pro-0813,74.84,72.35,+2.49,73.10,76.50,70.56,74.07,yes,2492,1613,437,252,190,442,252,190,2050,8.42,0.0037,0.0220,yes
Qwen3.8-Max,MiniMax-M3,74.84,63.20,+11.64,73.10,76.50,61.29,65.07,no,2492,1382,434,483,193,676,483,193,1816,123.55,1.38e-29,1.80e-28,yes
DeepSeek-V4.1-Flash,DeepSeek-V4-Pro-0813,72.43,72.35,+0.08,70.64,74.15,70.56,74.07,yes,2492,1600,484,205,203,408,205,203,2084,0.00,0.9605,1.0000,no
DeepSeek-V4.1-Flash,MiniMax-M3,72.43,63.20,+9.23,70.64,74.15,61.29,65.07,no,2492,1334,446,471,241,712,471,241,1780,73.65,4.80e-18,5.28e-17,yes
DeepSeek-V4-Pro-0813,MiniMax-M3,72.35,63.20,+9.15,70.56,74.07,61.29,65.07,no,2492,1342,456,461,233,694,461,233,1798,74.25,3.45e-18,4.14e-17,yes
